{
	"RunDate": "2019-08-24T15:25:36.477903481-07:00",
	"NRDiagVersion": "1.5.22",
	"Configuration": {
		"Verbose": false,
		"Quiet": false,
		"VeryQuiet": false,
		"YesToAll": false,
		"ShowOverrideHelp": false,
		"ProxySpecified": false,
		"SkipVersionCheck": false,
		"Tasks": "",
		"AttachmentKey": "",
		"ConfigFile": "",
		"Override": "",
		"OutputPath": "./",
		"Filter": "success,warning,failure,error,info",
		"BrowserURL": ""
	},
	"Results": [
		{
			"Identifier": {
				"Name": "CollectEnvVars",
				"Category": "Base",
				"Subcategory": "Env"
			},
			"Override": false,
			"Result": {
				"Status": "Info",
				"Summary": "Gathered Environment variables of current shell.",
				"URL": "",
				"FilesToCopy": null,
				"Payload": {
					"HOME": "/home/darenschaad",
					"PATH": "/home/darenschaad/Documents/Code/flaskr/venv/bin:/usr/local/sbin:/usr/local/bin:/usr/sbin:/usr/bin:/sbin:/bin:/usr/games:/usr/local/games:/snap/bin"
				}
			}
		},
		{
			"Identifier": {
				"Name": "Collect",
				"Category": "Base",
				"Subcategory": "Config"
			},
			"Override": false,
			"Result": {
				"Status": "Success",
				"Summary": "There were 2 file(s) found",
				"URL": "",
				"FilesToCopy": [
					{
						"Path": "/home/darenschaad/Documents/Code/flaskr/newrelic.ini",
						"Name": "./newrelic.ini",
						"StoredName": "newrelic.ini",
						"Streamed": false,
						"Identifier": ""
					},
					{
						"Path": "/home/darenschaad/Documents/Code/flaskr/venv/lib/python3.6/site-packages/newrelic/newrelic.ini",
						"Name": "./newrelic.ini",
						"StoredName": "newrelic.ini",
						"Streamed": false,
						"Identifier": ""
					}
				],
				"Payload": [
					{
						"FileName": "newrelic.ini",
						"FilePath": "/home/darenschaad/Documents/Code/flaskr/"
					},
					{
						"FileName": "newrelic.ini",
						"FilePath": "/home/darenschaad/Documents/Code/flaskr/venv/lib/python3.6/site-packages/newrelic/"
					}
				]
			}
		},
		{
			"Identifier": {
				"Name": "Validate",
				"Category": "Base",
				"Subcategory": "Config"
			},
			"Override": false,
			"Result": {
				"Status": "Success",
				"Summary": "Successfully parsed config file(s) - See json for full detail",
				"URL": "",
				"FilesToCopy": null,
				"Payload": [
					{
						"FileName": "newrelic.ini",
						"FilePath": "/home/darenschaad/Documents/Code/flaskr/",
						"Status": "Success",
						"Error": ""
					},
					{
						"FileName": "newrelic.ini",
						"FilePath": "/home/darenschaad/Documents/Code/flaskr/venv/lib/python3.6/site-packages/newrelic/",
						"Status": "Success",
						"Error": ""
					}
				]
			}
		},
		{
			"Identifier": {
				"Name": "Agent",
				"Category": "Java",
				"Subcategory": "Config"
			},
			"Override": false,
			"Result": {
				"Status": "None",
				"Summary": "No Java agent found on system",
				"URL": "",
				"FilesToCopy": null,
				"Payload": null
			}
		},
		{
			"Identifier": {
				"Name": "Process",
				"Category": "Java",
				"Subcategory": "Env"
			},
			"Override": false,
			"Result": {
				"Status": "None",
				"Summary": "Java Agent was not detected on this host.",
				"URL": "",
				"FilesToCopy": null,
				"Payload": []
			}
		},
		{
			"Identifier": {
				"Name": "Validate",
				"Category": "Java",
				"Subcategory": "Config"
			},
			"Override": false,
			"Result": {
				"Status": "None",
				"Summary": "Java agent not detected",
				"URL": "",
				"FilesToCopy": null,
				"Payload": null
			}
		},
		{
			"Identifier": {
				"Name": "Agent",
				"Category": "Ruby",
				"Subcategory": "Config"
			},
			"Override": false,
			"Result": {
				"Status": "None",
				"Summary": "No Ruby agent found on system",
				"URL": "",
				"FilesToCopy": null,
				"Payload": null
			}
		},
		{
			"Identifier": {
				"Name": "Version",
				"Category": "Ruby",
				"Subcategory": "Agent"
			},
			"Override": false,
			"Result": {
				"Status": "None",
				"Summary": "Task did not meet requirements necessary to run: Ruby agent is not installed",
				"URL": "",
				"FilesToCopy": null,
				"Payload": null
			}
		},
		{
			"Identifier": {
				"Name": "Agent",
				"Category": "Infra",
				"Subcategory": "Config"
			},
			"Override": false,
			"Result": {
				"Status": "None",
				"Summary": "No Infra agent found on system",
				"URL": "",
				"FilesToCopy": null,
				"Payload": null
			}
		},
		{
			"Identifier": {
				"Name": "DataDirectoryCollect",
				"Category": "Infra",
				"Subcategory": "Config"
			},
			"Override": false,
			"Result": {
				"Status": "None",
				"Summary": "No New Relic Infrastructure agent detected",
				"URL": "",
				"FilesToCopy": null,
				"Payload": null
			}
		},
		{
			"Identifier": {
				"Name": "Version",
				"Category": "Node",
				"Subcategory": "Env"
			},
			"Override": false,
			"Result": {
				"Status": "Info",
				"Summary": "v8.10.0\n",
				"URL": "",
				"FilesToCopy": null,
				"Payload": {
					"Major": 8,
					"Minor": 10,
					"Patch": 0,
					"Build": 0
				}
			}
		},
		{
			"Identifier": {
				"Name": "VersionCompatibility",
				"Category": "Node",
				"Subcategory": "Env"
			},
			"Override": false,
			"Result": {
				"Status": "Success",
				"Summary": "Your current Node.js version, 8.10.0.0, is compatible with New Relic's Node.js agent",
				"URL": "",
				"FilesToCopy": null,
				"Payload": null
			}
		},
		{
			"Identifier": {
				"Name": "ProxyDetect",
				"Category": "Base",
				"Subcategory": "Config"
			},
			"Override": false,
			"Result": {
				"Status": "None",
				"Summary": "",
				"URL": "",
				"FilesToCopy": null,
				"Payload": null
			}
		},
		{
			"Identifier": {
				"Name": "LicenseKey",
				"Category": "Base",
				"Subcategory": "Config"
			},
			"Override": false,
			"Result": {
				"Status": "Success",
				"Summary": "2 unique New Relic license key(s) found.",
				"URL": "",
				"FilesToCopy": null,
				"Payload": [
					"2008cbff3b5b8f51c6679c688d83559082191fcf",
					"***REPLACEME***"
				]
			}
		},
		{
			"Identifier": {
				"Name": "RegionDetect",
				"Category": "Base",
				"Subcategory": "Config"
			},
			"Override": false,
			"Result": {
				"Status": "Info",
				"Summary": "1 unique New Relic region(s) detected from config.",
				"URL": "",
				"FilesToCopy": null,
				"Payload": [
					"us01"
				]
			}
		},
		{
			"Identifier": {
				"Name": "ConnectUS",
				"Category": "Base",
				"Subcategory": "Collector"
			},
			"Override": false,
			"Result": {
				"Status": "Success",
				"Summary": "Status Code = 200 Body = mongrel ==\u003e up\n",
				"URL": "",
				"FilesToCopy": null,
				"Payload": null
			}
		},
		{
			"Identifier": {
				"Name": "Version",
				"Category": "Java",
				"Subcategory": "JVM"
			},
			"Override": false,
			"Result": {
				"Status": "None",
				"Summary": "",
				"URL": "",
				"FilesToCopy": null,
				"Payload": null
			}
		},
		{
			"Identifier": {
				"Name": "Detect",
				"Category": "Synthetics",
				"Subcategory": "Minion"
			},
			"Override": false,
			"Result": {
				"Status": "None",
				"Summary": "synthetics-minion.jar not found. Not running on synthetics private minion.",
				"URL": "",
				"FilesToCopy": null,
				"Payload": null
			}
		},
		{
			"Identifier": {
				"Name": "ConfigValidate",
				"Category": "Synthetics",
				"Subcategory": "Minion"
			},
			"Override": false,
			"Result": {
				"Status": "None",
				"Summary": "Not running on synthetics minion. No config to parse",
				"URL": "",
				"FilesToCopy": null,
				"Payload": null
			}
		},
		{
			"Identifier": {
				"Name": "Agent",
				"Category": "Python",
				"Subcategory": "Config"
			},
			"Override": false,
			"Result": {
				"Status": "Success",
				"Summary": "Python agent identified as present on system",
				"URL": "",
				"FilesToCopy": null,
				"Payload": [
					{
						"FileName": "newrelic.ini",
						"FilePath": "/home/darenschaad/Documents/Code/flaskr/",
						"Status": "Success",
						"Error": ""
					},
					{
						"FileName": "newrelic.ini",
						"FilePath": "/home/darenschaad/Documents/Code/flaskr/venv/lib/python3.6/site-packages/newrelic/",
						"Status": "Success",
						"Error": ""
					},
					{
						"FileName": "newrelic.ini",
						"FilePath": "/home/darenschaad/Documents/Code/flaskr/",
						"Status": "Success",
						"Error": ""
					},
					{
						"FileName": "newrelic.ini",
						"FilePath": "/home/darenschaad/Documents/Code/flaskr/venv/lib/python3.6/site-packages/newrelic/",
						"Status": "Success",
						"Error": ""
					},
					{
						"FileName": "newrelic.ini",
						"FilePath": "/home/darenschaad/Documents/Code/flaskr/",
						"Status": "Success",
						"Error": ""
					},
					{
						"FileName": "newrelic.ini",
						"FilePath": "/home/darenschaad/Documents/Code/flaskr/venv/lib/python3.6/site-packages/newrelic/",
						"Status": "Success",
						"Error": ""
					}
				]
			}
		},
		{
			"Identifier": {
				"Name": "Version",
				"Category": "Python",
				"Subcategory": "Env"
			},
			"Override": false,
			"Result": {
				"Status": "Info",
				"Summary": "3.6.8",
				"URL": "",
				"FilesToCopy": null,
				"Payload": "3.6.8"
			}
		},
		{
			"Identifier": {
				"Name": "PythonVersion",
				"Category": "Python",
				"Subcategory": "Requirements"
			},
			"Override": false,
			"Result": {
				"Status": "Success",
				"Summary": "3.6.8 is a compatible Python version",
				"URL": "https://docs.newrelic.com/docs/agents/python-agent/getting-started/compatibility-requirements-python-agent#basic",
				"FilesToCopy": null,
				"Payload": "3.6.8"
			}
		},
		{
			"Identifier": {
				"Name": "Version",
				"Category": "Ruby",
				"Subcategory": "Env"
			},
			"Override": false,
			"Result": {
				"Status": "None",
				"Summary": "Ruby Agent not installed. This task didn't run.",
				"URL": "",
				"FilesToCopy": null,
				"Payload": null
			}
		},
		{
			"Identifier": {
				"Name": "NpmVersion",
				"Category": "Node",
				"Subcategory": "Env"
			},
			"Override": false,
			"Result": {
				"Status": "Info",
				"Summary": "3.5.2",
				"URL": "",
				"FilesToCopy": null,
				"Payload": null
			}
		},
		{
			"Identifier": {
				"Name": "JbossEapCheck",
				"Category": "Java",
				"Subcategory": "Appserver"
			},
			"Override": false,
			"Result": {
				"Status": "None",
				"Summary": "Java config file not detected, this task didn't run",
				"URL": "https://docs.newrelic.com/docs/agents/java-agent/getting-started/compatibility-requirements-java-agent#app-web-servers",
				"FilesToCopy": null,
				"Payload": null
			}
		},
		{
			"Identifier": {
				"Name": "Copy",
				"Category": "Base",
				"Subcategory": "Log"
			},
			"Override": false,
			"Result": {
				"Status": "Success",
				"Summary": "There were 1 file(s) found",
				"URL": "",
				"FilesToCopy": [
					{
						"Path": "/var/log/syslog",
						"Name": "Base/Log/syslog",
						"Streamed": false
					}
				],
				"Payload": [
					{
						"FileName": "syslog",
						"FilePath": "/var/log/"
					}
				]
			}
		},
		{
			"Identifier": {
				"Name": "WebSphere",
				"Category": "Java",
				"Subcategory": "AppServer"
			},
			"Override": false,
			"Result": {
				"Status": "None",
				"Summary": "Websphere was not detected in this environment.",
				"URL": "",
				"FilesToCopy": null,
				"Payload": null
			}
		},
		{
			"Identifier": {
				"Name": "Agent",
				"Category": "Node",
				"Subcategory": "Config"
			},
			"Override": false,
			"Result": {
				"Status": "None",
				"Summary": "No Node agent found on system",
				"URL": "",
				"FilesToCopy": null,
				"Payload": null
			}
		},
		{
			"Identifier": {
				"Name": "IntegrationsCollect",
				"Category": "Infra",
				"Subcategory": "Config"
			},
			"Override": false,
			"Result": {
				"Status": "None",
				"Summary": "No Infra Agent detected. Task not executed.",
				"URL": "",
				"FilesToCopy": null,
				"Payload": null
			}
		},
		{
			"Identifier": {
				"Name": "IntegrationsValidate",
				"Category": "Infra",
				"Subcategory": "Config"
			},
			"Override": false,
			"Result": {
				"Status": "None",
				"Summary": "No On-host Integration config and definitions files were collected. Task not executed.",
				"URL": "",
				"FilesToCopy": null,
				"Payload": null
			}
		},
		{
			"Identifier": {
				"Name": "IntegrationsMatch",
				"Category": "Infra",
				"Subcategory": "Config"
			},
			"Override": false,
			"Result": {
				"Status": "None",
				"Summary": "Task did not meet requirements necessary to run: no validated integrations",
				"URL": "",
				"FilesToCopy": null,
				"Payload": null
			}
		},
		{
			"Identifier": {
				"Name": "Detect",
				"Category": "iOS",
				"Subcategory": "Env"
			},
			"Override": false,
			"Result": {
				"Status": "None",
				"Summary": "iOS environment not detected",
				"URL": "",
				"FilesToCopy": null,
				"Payload": null
			}
		},
		{
			"Identifier": {
				"Name": "Version",
				"Category": "iOS",
				"Subcategory": "Agent"
			},
			"Override": false,
			"Result": {
				"Status": "None",
				"Summary": "Task did not meet requirements necessary to run: iOS environment not detected.",
				"URL": "",
				"FilesToCopy": null,
				"Payload": null
			}
		},
		{
			"Identifier": {
				"Name": "VendorsVersions",
				"Category": "Java",
				"Subcategory": "JVM"
			},
			"Override": false,
			"Result": {
				"Status": "None",
				"Summary": "This task did not detect any running Java processes on this system.",
				"URL": "",
				"FilesToCopy": null,
				"Payload": null
			}
		},
		{
			"Identifier": {
				"Name": "HordeConnect",
				"Category": "Synthetics",
				"Subcategory": "Minion"
			},
			"Override": false,
			"Result": {
				"Status": "None",
				"Summary": "Not running on private minion",
				"URL": "",
				"FilesToCopy": null,
				"Payload": null
			}
		},
		{
			"Identifier": {
				"Name": "Agent",
				"Category": "PHP",
				"Subcategory": "Config"
			},
			"Override": false,
			"Result": {
				"Status": "None",
				"Summary": "No PHP agent found on system",
				"URL": "",
				"FilesToCopy": null,
				"Payload": null
			}
		},
		{
			"Identifier": {
				"Name": "PHPinfoCLI",
				"Category": "PHP",
				"Subcategory": "Env"
			},
			"Override": false,
			"Result": {
				"Status": "None",
				"Summary": "PHP Agent was not detected on this host. Skipping PHP info check.",
				"URL": "",
				"FilesToCopy": null,
				"Payload": null
			}
		},
		{
			"Identifier": {
				"Name": "Permissions",
				"Category": "Java",
				"Subcategory": "JVM"
			},
			"Override": false,
			"Result": {
				"Status": "None",
				"Summary": "The java permissions task is unable to report any meaningful information.",
				"URL": "",
				"FilesToCopy": null,
				"Payload": null
			}
		},
		{
			"Identifier": {
				"Name": "Collect",
				"Category": "Infra",
				"Subcategory": "Log"
			},
			"Override": false,
			"Result": {
				"Status": "None",
				"Summary": "Not executing task. Infra agent not found.",
				"URL": "",
				"FilesToCopy": null,
				"Payload": null
			}
		},
		{
			"Identifier": {
				"Name": "Connect",
				"Category": "Infra",
				"Subcategory": "Agent"
			},
			"Override": false,
			"Result": {
				"Status": "None",
				"Summary": "Infrastructure Agent config not present.",
				"URL": "",
				"FilesToCopy": null,
				"Payload": null
			}
		},
		{
			"Identifier": {
				"Name": "Dependencies",
				"Category": "Python",
				"Subcategory": "Env"
			},
			"Override": false,
			"Result": {
				"Status": "Info",
				"Summary": "Collected pip freeze. See pipFreeze.txt for more info.",
				"URL": "",
				"FilesToCopy": [
					{
						"Path": "pipFreeze.txt",
						"Name": "./pipFreeze.txt",
						"StoredName": "pipFreeze.txt",
						"Streamed": true,
						"Identifier": ""
					}
				],
				"Payload": [
					"click==7.0",
					"flask==1.1.1",
					"itsdangerous==1.1.0",
					"jinja2==2.10.1",
					"markupsafe==1.1.1",
					"newrelic==5.0.2.126",
					"pkg-resources==0.0.0",
					"werkzeug==0.15.5"
				]
			}
		},
		{
			"Identifier": {
				"Name": "Webframework",
				"Category": "Python",
				"Subcategory": "Requirements"
			},
			"Override": false,
			"Result": {
				"Status": "Success",
				"Summary": "Found compatible web framework.",
				"URL": "",
				"FilesToCopy": null,
				"Payload": [
					"flask==1.1.1"
				]
			}
		},
		{
			"Identifier": {
				"Name": "Collect",
				"Category": "Ruby",
				"Subcategory": "Config"
			},
			"Override": false,
			"Result": {
				"Status": "None",
				"Summary": "",
				"URL": "",
				"FilesToCopy": null,
				"Payload": null
			}
		},
		{
			"Identifier": {
				"Name": "Installed",
				"Category": "DotNetCore",
				"Subcategory": "Agent"
			},
			"Override": false,
			"Result": {
				"Status": "None",
				"Summary": "The .NET CoreCLR agent is not installed in /usr/local/newrelic-netcore20-agent",
				"URL": "",
				"FilesToCopy": null,
				"Payload": null
			}
		},
		{
			"Identifier": {
				"Name": "HostInfo",
				"Category": "Base",
				"Subcategory": "Env"
			},
			"Override": false,
			"Result": {
				"Status": "Info",
				"Summary": "darenschaad-Q502LA",
				"URL": "",
				"FilesToCopy": null,
				"Payload": {
					"Hostname": "darenschaad-Q502LA",
					"OS": "linux",
					"Platform": "ubuntu",
					"PlatformFamily": "debian",
					"PlatformVersion": "18.04"
				}
			}
		},
		{
			"Identifier": {
				"Name": "OS",
				"Category": "DotNetCore",
				"Subcategory": "Requirements"
			},
			"Override": false,
			"Result": {
				"Status": "None",
				"Summary": "Did not detect .Net Core Agent as being installed, skipping this task.",
				"URL": "",
				"FilesToCopy": null,
				"Payload": null
			}
		},
		{
			"Identifier": {
				"Name": "DotNetCoreVersions",
				"Category": "Base",
				"Subcategory": "Env"
			},
			"Override": false,
			"Result": {
				"Status": "None",
				"Summary": ".NET Core is not installed.",
				"URL": "",
				"FilesToCopy": null,
				"Payload": null
			}
		},
		{
			"Identifier": {
				"Name": "ReportingTo",
				"Category": "Base",
				"Subcategory": "Log"
			},
			"Override": false,
			"Result": {
				"Status": "None",
				"Summary": "Logs founds, no instances of reporting to within logs.",
				"URL": "",
				"FilesToCopy": null,
				"Payload": null
			}
		},
		{
			"Identifier": {
				"Name": "Version",
				"Category": "Python",
				"Subcategory": "Agent"
			},
			"Override": false,
			"Result": {
				"Status": "None",
				"Summary": "",
				"URL": "",
				"FilesToCopy": null,
				"Payload": null
			}
		},
		{
			"Identifier": {
				"Name": "Collect",
				"Category": "DotNetCore",
				"Subcategory": "CustomInstrumentation"
			},
			"Override": false,
			"Result": {
				"Status": "None",
				"Summary": ".NET Core Agent not installed, not checking for custom instrumentation files",
				"URL": "",
				"FilesToCopy": null,
				"Payload": null
			}
		},
		{
			"Identifier": {
				"Name": "ProcessorType",
				"Category": "DotNetCore",
				"Subcategory": "Requirements"
			},
			"Override": false,
			"Result": {
				"Status": "None",
				"Summary": ".NET Core Agent was not detected, skipping this task.",
				"URL": "",
				"FilesToCopy": null,
				"Payload": null
			}
		},
		{
			"Identifier": {
				"Name": "ConnectEU",
				"Category": "Base",
				"Subcategory": "Collector"
			},
			"Override": false,
			"Result": {
				"Status": "None",
				"Summary": "EU Region not detected, skipping EU collector connect check",
				"URL": "",
				"FilesToCopy": null,
				"Payload": null
			}
		},
		{
			"Identifier": {
				"Name": "Running",
				"Category": "PHP",
				"Subcategory": "Daemon"
			},
			"Override": false,
			"Result": {
				"Status": "None",
				"Summary": "PHP Agent was not detected on this host. Skipping daemon detection.",
				"URL": "",
				"FilesToCopy": null,
				"Payload": null
			}
		},
		{
			"Identifier": {
				"Name": "DotNetCoreVersion",
				"Category": "DotNetCore",
				"Subcategory": "Requirements"
			},
			"Override": false,
			"Result": {
				"Status": "None",
				"Summary": "Did not detect .Net Core Agent as being installed, skipping this task.",
				"URL": "",
				"FilesToCopy": null,
				"Payload": null
			}
		},
		{
			"Identifier": {
				"Name": "DetectDocker",
				"Category": "Base",
				"Subcategory": "Containers"
			},
			"Override": false,
			"Result": {
				"Status": "Info",
				"Summary": "Docker Daemon is Running",
				"URL": "",
				"FilesToCopy": null,
				"Payload": {
					"IsRunning": true,
					"Version": "19.03.1",
					"InfoMap": {
						"Architecture": "x86_64",
						"Backing Filesystem": "extfs",
						"CPUs": "4",
						"Cgroup Driver": "cgroupfs",
						"Containers": "4",
						"Debug Mode": "false",
						"Default Runtime": "runc",
						"Docker Root Dir": "/var/lib/docker",
						"Experimental": "false",
						"ID": "XNM4:Q3WB:2OPF:IGEB:QHEH:B5YV:XTCL:5G56:T6EI:N5HG:TGQX:HOT6",
						"Images": "23",
						"Init Binary": "docker-init",
						"Kernel Version": "5.0.0-25-generic",
						"Live Restore Enabled": "false",
						"Log": "awslogs fluentd gcplogs gelf journald json-file local logentries splunk syslog",
						"Logging Driver": "json-file",
						"Name": "darenschaad-Q502LA",
						"Native Overlay Diff": "true",
						"Network": "bridge host ipvlan macvlan null overlay",
						"OSType": "linux",
						"Operating System": "Ubuntu 18.04.2 LTS",
						"Paused": "0",
						"Profile": "default",
						"Registry": "https://index.docker.io/v1/",
						"Running": "0",
						"Runtimes": "runc",
						"Server Version": "19.03.1",
						"Stopped": "4",
						"Storage Driver": "overlay2",
						"Supports d_type": "true",
						"Swarm": "inactive",
						"Total Memory": "7.673GiB",
						"Volume": "local",
						"WARNING": "No swap limit support",
						"containerd version": "894b81a4b802e4eb2a91d1ce216b8817763c29fb",
						"init version": "fec3683",
						"runc version": "425e105d5a03fabd737a126ad93d62a9eeede87f"
					}
				}
			}
		},
		{
			"Identifier": {
				"Name": "DetectCPM",
				"Category": "Synthetics",
				"Subcategory": "Minion"
			},
			"Override": false,
			"Result": {
				"Status": "None",
				"Summary": "No Containerized Private Minions found",
				"URL": "",
				"FilesToCopy": null,
				"Payload": null
			}
		},
		{
			"Identifier": {
				"Name": "Agent",
				"Category": "DotNetCore",
				"Subcategory": "Config"
			},
			"Override": false,
			"Result": {
				"Status": "None",
				"Summary": ".NET Core Agent not installed, not checking config",
				"URL": "",
				"FilesToCopy": null,
				"Payload": null
			}
		},
		{
			"Identifier": {
				"Name": "LevelCollect",
				"Category": "DotNetCore",
				"Subcategory": "Log"
			},
			"Override": false,
			"Result": {
				"Status": "None",
				"Summary": ".NET Core Agent not installed, skipping this task.",
				"URL": "",
				"FilesToCopy": null,
				"Payload": null
			}
		},
		{
			"Identifier": {
				"Name": "Dependencies",
				"Category": "Node",
				"Subcategory": "Env"
			},
			"Override": false,
			"Result": {
				"Status": "None",
				"Summary": "Node agent not detected. This task did not run",
				"URL": "",
				"FilesToCopy": null,
				"Payload": null
			}
		},
		{
			"Identifier": {
				"Name": "InitSystem",
				"Category": "Base",
				"Subcategory": "Env"
			},
			"Override": false,
			"Result": {
				"Status": "Info",
				"Summary": "Systemd detected",
				"URL": "",
				"FilesToCopy": null,
				"Payload": "Systemd"
			}
		},
		{
			"Identifier": {
				"Name": "IntegrationsValidateJson",
				"Category": "Infra",
				"Subcategory": "Config"
			},
			"Override": false,
			"Result": {
				"Status": "None",
				"Summary": "Task did not meet requirements necessary to run: no validated integrations",
				"URL": "",
				"FilesToCopy": null,
				"Payload": null
			}
		},
		{
			"Identifier": {
				"Name": "LevelCheck",
				"Category": "Infra",
				"Subcategory": "Log"
			},
			"Override": false,
			"Result": {
				"Status": "None",
				"Summary": "Infrastructure Agent config not present",
				"URL": "",
				"FilesToCopy": null,
				"Payload": null
			}
		},
		{
			"Identifier": {
				"Name": "Version",
				"Category": "Node",
				"Subcategory": "Agent"
			},
			"Override": false,
			"Result": {
				"Status": "None",
				"Summary": "Node agent not detected",
				"URL": "",
				"FilesToCopy": null,
				"Payload": null
			}
		},
		{
			"Identifier": {
				"Name": "Version",
				"Category": "Java",
				"Subcategory": "Agent"
			},
			"Override": false,
			"Result": {
				"Status": "None",
				"Summary": "Java agent not detected. Task did not run.",
				"URL": "",
				"FilesToCopy": null,
				"Payload": null
			}
		},
		{
			"Identifier": {
				"Name": "Version",
				"Category": "PHP",
				"Subcategory": "Agent"
			},
			"Override": false,
			"Result": {
				"Status": "None",
				"Summary": "Task did not meet requirements necessary to run: type assertion failure",
				"URL": "",
				"FilesToCopy": null,
				"Payload": null
			}
		},
		{
			"Identifier": {
				"Name": "EOL",
				"Category": "Base",
				"Subcategory": "Agent"
			},
			"Override": false,
			"Result": {
				"Status": "None",
				"Summary": "No New Relic agent versions detected. This task did not run",
				"URL": "https://discuss.newrelic.com/t/important-upcoming-changes-to-supported-agent-versions/72280",
				"FilesToCopy": null,
				"Payload": null
			}
		},
		{
			"Identifier": {
				"Name": "DetectAWS",
				"Category": "Base",
				"Subcategory": "Env"
			},
			"Override": false,
			"Result": {
				"Status": "None",
				"Summary": "AWS metadata endpoint timeout",
				"URL": "",
				"FilesToCopy": null,
				"Payload": null
			}
		},
		{
			"Identifier": {
				"Name": "Detect",
				"Category": "Android",
				"Subcategory": "Agent"
			},
			"Override": false,
			"Result": {
				"Status": "None",
				"Summary": "Android environment not detected",
				"URL": "",
				"FilesToCopy": null,
				"Payload": null
			}
		},
		{
			"Identifier": {
				"Name": "ValidateJMX",
				"Category": "Infra",
				"Subcategory": "Config"
			},
			"Override": false,
			"Result": {
				"Status": "None",
				"Summary": "No On-host Integration config and definitions files were collected. Task not executed.",
				"URL": "",
				"FilesToCopy": null,
				"Payload": null
			}
		},
		{
			"Identifier": {
				"Name": "LevelValidate",
				"Category": "DotNetCore",
				"Subcategory": "Log"
			},
			"Override": false,
			"Result": {
				"Status": "None",
				"Summary": ".NET Core Agent not installed, skipping this task.",
				"URL": "",
				"FilesToCopy": null,
				"Payload": null
			}
		},
		{
			"Identifier": {
				"Name": "JBossAsCheck",
				"Category": "Java",
				"Subcategory": "Appserver"
			},
			"Override": false,
			"Result": {
				"Status": "None",
				"Summary": "Could not find JBoss AS Home Path. Assuming JBoss AS is not installed",
				"URL": "https://docs.newrelic.com/docs/agents/java-agent/getting-started/compatibility-requirements-java-agent#app-web-servers",
				"FilesToCopy": null,
				"Payload": null
			}
		},
		{
			"Identifier": {
				"Name": "Process",
				"Category": "Ruby",
				"Subcategory": "Env"
			},
			"Override": false,
			"Result": {
				"Status": "None",
				"Summary": "",
				"URL": "",
				"FilesToCopy": null,
				"Payload": null
			}
		},
		{
			"Identifier": {
				"Name": "IncompatibleGems",
				"Category": "Ruby",
				"Subcategory": "Config"
			},
			"Override": false,
			"Result": {
				"Status": "None",
				"Summary": "Either no Gemfile or newrelic.yml was found",
				"URL": "",
				"FilesToCopy": null,
				"Payload": null
			}
		},
		{
			"Identifier": {
				"Name": "Version",
				"Category": "Infra",
				"Subcategory": "Agent"
			},
			"Override": false,
			"Result": {
				"Status": "None",
				"Summary": "",
				"URL": "",
				"FilesToCopy": null,
				"Payload": null
			}
		},
		{
			"Identifier": {
				"Name": "Process",
				"Category": "DotNetCore",
				"Subcategory": "Env"
			},
			"Override": false,
			"Result": {
				"Status": "None",
				"Summary": "Did not detect .Net Core as being installed, skipping this task.",
				"URL": "",
				"FilesToCopy": null,
				"Payload": null
			}
		}
	]
}